-- phpMyAdmin SQL Dump
-- version 4.2.7.1
-- http://www.phpmyadmin.net
--
-- Host: 127.0.0.1
-- Generation Time: Nov 14, 2014 at 11:31 AM
-- Server version: 5.6.20
-- PHP Version: 5.5.15

SET SQL_MODE = "NO_AUTO_VALUE_ON_ZERO";
SET time_zone = "+00:00";


/*!40101 SET @OLD_CHARACTER_SET_CLIENT=@@CHARACTER_SET_CLIENT */;
/*!40101 SET @OLD_CHARACTER_SET_RESULTS=@@CHARACTER_SET_RESULTS */;
/*!40101 SET @OLD_COLLATION_CONNECTION=@@COLLATION_CONNECTION */;
/*!40101 SET NAMES utf8 */;

--
-- Database: `wahana_db`
--

--
-- Dumping data for table `client`
--

INSERT INTO `client` (`client_id`, `client_name`) VALUES
(1, 'Wahana Artha Group'),
(2, 'Wahana Artha Harsaka'),
(3, 'PT Wahana Ritelindo'),
(4, 'PT Wahana Artha Motorental'),
(5, 'Tristar'),
(6, 'PT Wahana Makmur Sejati');

--
-- Dumping data for table `risk`
--

INSERT INTO `risk` (`risk_id`, `risk_no`, `risk_description`, `contributing_factor`, `risk_likelihood`, `risk_consequence`, `risk_inherent_rating`) VALUES
(1, 'A', 'Kehilangan Asset', '<ol>\r\n<li>Kerusakan peralatan supervisi/ audit.</li>\r\n<li>Pemindahan aset yang tidak terkontrol dengan baik</li>\r\n<li>Gudang tidak dapat menampung.</li>\r\n<li>Peminjaman aset yang tidak diawasi.</li>\r\n<li>Kurangnya pengawasan aset</li>\r\n<li>Pencurian part di bengkel (kehilangan inventory.</li>\r\n<li>Tidak teridentifikasinya aset dikarenakan nilai aset yang dibawah 1 juta (tidak dicatat)</li>\r\n<li>Penyimpanan aset tidak rapi</li>\r\n<li>Aset tidak tercatat dengan baik</li>\r\n<li>Data aset hilang karena komputer yang terkena virus dan penggunaan software bajakan</li>\r\n<li>Belum adanya manajemen aset</li>\r\n</ol>\r\n', 2.5, 3.3, 'L'),
(2, 'B', 'Aset cepat rusak', '<ol>\r\n<li>Pemeliharaan tidak dilakukan secara berkala</li>\r\n<li>Sering terjadi pemadaman listrik</li>\r\n<li>Kurangnya rasa memiliki karyawan terhadap aset perusahaan</li>\r\n<li>Kondisi SMH cacat karena pengiriman unit </li>\r\n<li>Kualitas unit yang disimpan tidak terjaga</li>\r\n</ol>', 2.6, 3.4, 'M'),
(3, 'C', 'Kesulitan arus kas', '<ol>\r\n<li>Perencanaan stok yang kurang matang</li>\r\n<li>Keuangan perusahaan tidak dikelola sesuai dengan anggaran/ kebijakan yang berlaku.</li>\r\n<li>Ketidakcocokan antara cash in-out</li>\r\n<li>Kekuatan modal yang tidak memadai</li>\r\n<li>Piutang yang tak tertagih</li>\r\n</ol>', 3.3, 3.9, 'M'),
(4, 'D', 'Penurunan keuntungan perusahaan  ', '<ol>\r\n<li>Kehilangan pendapatan saat aktivitas stop ketika stock opname</li>\r\n<li>Peningkatan yang tidak seimbang antara biaya dengan sales</li>\r\n<li>Kegagalan proses atau proses yang tidak efisien</li> \r\n<li>PPh freelance interviewer ditanggung oleh perusahaan </li>\r\n</ol>\r\n', 3, 3, 'M'),
(5, 'E', 'Kesalahan pembayaran ', '<ol>\r\n<li>Belum adanya otomatisasi dalam pembayaran klaim </li>\r\n<li>Invoice yang sangat variatif dan jumlahnya banyak </li>\r\n<li>Ketidaktelitian dalam pemeriksaan berkas klaim dan validasi \r\n<li>Kesalahan cetak faktur</li> \r\n<li>Ketidaktelitian dalam penarikan data faktur untuk pertanggungan asuransi </li>\r\n<li>Laporan proses pembayaran dari Finance tidak diinformasikan  ke bagian terkait</li>\r\n</ol>\r\n', 2.2, 2.9, 'L'),
(6, 'F', 'Keuntungan perusahaan yang tidak stabil ', '<ol>\r\n<li>Biaya bunga yang tinggi</li>\r\n<li>Fluktuasi mata uang asing</li> \r\n</ol>', 2.6, 2.5, 'L'),
(7, 'G', 'Keuntungan perusahaan tidak optimal', '<ol>\r\n<li>Sulit mendapatkan konsumen baru</li>\r\n<li>SDM Marketing yang lebih ahli di Government Sales, namun kurang ahli di swasta </li>\r\n<li>Kurangnya kapasitas angkut armada ekspedisi</li> \r\n<li>Penggunaan aset belum difungsikan secara maksimal</li>\r\n<li>Strategi perusahaan yang kurang diterapkan secara maksimal </li>\r\n<li>Strategi struktur beban yang salah</li>\r\n</ol>\r\n', 3.1, 3.01, 'M'),
(8, 'H', 'Kerugian finansial perusahaan karena pihak eksternal ', '<ol>\r\n<li>Ketidakpastian dealer melunasi pembayaran</li> \r\n<li> LAB Honda terkadang melebihi anggaran karena naik turun harga motor bekas</li> \r\n<li> Reputasi, kualitas, dan pembayaran atas jasa vendor yang beragam </li> \r\n<li> Kenaikan harga pajak yang tidak sesuai dengan ketentuan pemerintah </li> \r\n<li> Barang yang dikirim oleh vendor tidak sesuai dengan yang dipesan </li> \r\n</ol>\r\n', 2.6, 2.9, 'L'),
(9, 'I', 'Kerugian finansial perusahan akibat kesalahan karyawan (Human Error)', '<ol>\r\n<li>Kesalahan estimasi/ forecast sehingga kesalahan distribusian unit </li>\r\n<li>Pembuatan laporan keuangan fiskal yang tidak akurat </li>\r\n<li>Miripnya varian produk bisa menyebabkan kesalahan dalam penagihan </li>\r\n<li>Pengajuan pengadaan aktiva yang kurang tepat sehingga aktiva tersebut tidak terpakai </li>\r\n<li>Ketidaktelitian dalam pemeriksaan berkas klaim dan validasi</li>\r\n<li>Ketidaktepatan dalam penempatan karyawan </li>\r\n<li>Pembudayaan risiko (awareness) di dalam individu belum dijalankan</li>\r\n<li>Posisi HELP yang berada di cabang, menyulitkan dalam pengawasan</li>\r\n<li>Belum ada sistem prosedur/ kebijakan untuk pengukuran kinerja </li>\r\n<li>Kesalahan penghitungan dan penagihan </li>\r\n<li>Bukti potong PPh 23 tidak bisa dikreditkan </li>\r\n<li>Kesalahan meng-input data dalam meng-update piutang </li>\r\n<li>Kesalahan manajemen arus kas </li>\r\n<li>Terjadi lebih bayar pajak</li>\r\n<li>GA tidak mengetahui tagihan yang sudah dibayarkan (misscomunication)</li>\r\n<li>Pembagian anggota tim dalam setiap penugasan audit yang tidak tepat</li>\r\n<li>Manager tidak mengawasi anak buahnya </li>\r\n<li>Kurangnya kontrol dan pengawasan manajemen pada tiap departemen dan anak perusahaan</li>\r\n<li>Kelemahan supervisi jaringan di Indonesia </li>\r\n<li>Kesalahan instruksi di lapangan </li>\r\n</ol>\r\n', 2.7, 3.1, 'L'),
(10, 'J', 'Laporan keuangan tidak tepat waktu ', '<ol>\r\n<li>Kurangnya komitmen karyawan dalam memenuhi jadwal penyelesaian </li>\r\n<li>Perubahan target dan ketentuan dalam kriteria perhitungan sehingga laporan keuangan harus direvisi</li>\r\n<li>Penyajian laporan dilakukan secara manual</li>\r\n<li>Data sales order tidak terkirim ke dealer </li>\r\n<li>Auditor tidak mendapatkan data tepat waktu </li>\r\n</ol>\r\n', 2.1, 3.5, 'L'),
(11, 'K', 'Laporan keuangan tidak dapat diandalkan  ', '<ol>\r\n<li>Pencatatan akuntasi yang tidak sesuai PSAK</li>\r\n<li>Kualitas data terganggu karena program tidak stabil</li>\r\n<li>Kurang rapinya pengarsipan </li>\r\n<li>Double input PKB </li>\r\n<li>Penumpukan kertas dari arsip administrasi/ audit jaringan dan arsip kuesioner</li>\r\n</ol>', 2.4, 2.7, 'L'),
(12, 'L', 'Denda pajak ', '<ol>\r\n<li>Keterlambatan pembayaran dan pelaporan pajak</li>\r\n<li>Pembuatan laporan pajak yang tidak sesuai dengan aturan perpajakan</li>\r\n<li>Keterlambatan penerimaan dokumen informasi pajak dari departemen lain</li> \r\n</ol>\r\n', 2.6, 2.1, 'L'),
(13, 'M', 'Uang yang disetorkan ke perusahaan tidak dalam jumlah sebenarnya/ lapping ', '<ol>\r\n<li>Penyalahgunaan penerimaan DP konsumen oleh Marketing Officer</li>\r\n<li>Penyalahgunaan dokumen finansial seperti kwitansi dan TTUS</li>\r\n</ol>\r\n', 2.7, 3.8, 'M'),
(14, 'N', 'Kecelakaan kerja dan keselamatan karyawan terancam', '<ol>\r\n<li>Ketidakhati-hatian karyawan</li>\r\n<li>Kurangnya perawatan gudang</li>\r\n<li>Unit SMH HELP mengalami kecelakaan saat memenuhi   panggilan layanan HELP</li>\r\n</ol>\r\n', 2.4, 2, 'L'),
(15, 'O', 'Tempat / gudang yang kurang memadai', '<ol>\r\n<li>Kebutuhan space untuk stok motor GC yang menunggu STNK </li>\r\n<li>Stok level yang melebihi kapasitas</li>\r\n</ol>', 3.1, 3.3, 'M'),
(16, 'P', 'Proses adaptasi atas prosedur/ kebijakan baru  ', '<ol>\r\n<li>Perubahan target dan ketentuan dalam kriteria pelaksanaan aktivitas, renovasi, dan pengadaan intext</li>\r\n<li>Terjadinya perubahan kebijakan  di operasional</li> \r\n<li>Perubahan lingkungan yang dinamis membuat birokrasi dan kebijakan sering berubah</li> \r\n<li>Sistem IT yang berubah</li>\r\n<li>Penggantian teknologi dari barcode ke RFID</li> \r\n</ol>\r\n', 2.3, 2.8, 'L'),
(17, 'Q', 'Pengiriman unit menjadi tertunda', '<ol>\r\n<li>Biaya pengikatan (notaris) yang harus ditanggung oleh dealer sehingga menyebabkan lamanya kenaikan plafon dealer </li>\r\n<li>Keterlambatan pembayaran SO </li>\r\n<li>Pengaturan jadwal distribusi yang tidak efisien</li>\r\n<li>Distribusi unit diluar rencana </li>\r\n<li>Jumlah, tipe, dan jenis unit yang tidak tepat</li>\r\n</ol>\r\n', 2.8, 3.2, 'M'),
(18, 'R', 'Kesalahan survey ', '<ol>\r\n<li>Kurangnya proses pengawasan interviewer saat survey </li>\r\n<li>Kecakapan dan keahlian freelance interviewer yang beragam</li>\r\n<li>Kondisi konsumen saat survey yang beragam </li>\r\n</ol>\r\n', 2.3, 2.8, 'L'),
(19, 'S', 'Kehilangan BPKB (dokumen)', '<ol>\r\n<li>Kurangnya respon konsumen dalam pengambilan BPKB </li>\r\n<li>Dokumen tidak diarsip dengan rapi.</li>\r\n<li>STNK diambil tanpa surat kuasa (tidak sesuai faktur)</li> \r\n</ol>\r\n', 2.7, 3.1, 'L'),
(20, 'T', 'Kehilangan konsumen ', '<ol>\r\n<li>Salah strategi dalam hal persaingan dengan kompetitor</li>\r\n<li>Pemesanan unit motor yang indent</li> \r\n<li>Kompetitor yang agresif</li>\r\n</ol>\r\n', 2.8, 3.3, 'M'),
(21, 'U', 'Proses distribusi tidak lancar dan kacau ', '<ol>\r\n<li>Sulitnya pengawasan untuk pengiriman barang karena memakai pihak ketiga</li>\r\n<li>Vendor memiliki prosedur tersendiri untuk jadwal distribusinya</li>\r\n</ol>\r\n', 2.2, 2.6, 'L'),
(22, 'V', 'Karyawan tidak mengetahui/ mengerti kebijakan', '<ol>\r\n<li>Beberapa kebijakan perusahaan yang masih tidak tertulis</li>\r\n<li>Sosialisasi terhadap prosedur dan kebijakan dari manajemen tidak tersampaikan dengan baik</li>\r\n<li>Freelance interviewer yang digunakan tidak mengerti kebijakan dan peraturan perusahaan</li>\r\n</ol>\r\n', 2.1, 3.1, 'L'),
(23, 'W', 'Penyelenggaraan acara pemasaran yang tidak tepat guna', '<ol>\r\n<li>Masyarakat kurang responsif terhadap aktivitas perusahaan</li>\r\n<li>Perencanaan tidak matang akibat banyak proposal mendadak dari media, internal, dan eksternal</li>\r\n<li>Waktu yang mendesak dalam persiapan aktivitas.</li>\r\n<li>Perubahan rencana dan anggaran pada saat pelaksanaan acara</li>\r\n<li>Pemilihan lokasi acara yang belum maksimal</li>\r\n<li>Kurangnya pengawasan acara karena jumlah yang besar</li>\r\n<li>Belum adanya SOP atas pelaksanaan acara promosi. </li>\r\n</ol>\r\n', 2.7, 3.2, 'L'),
(24, 'X', 'Pelanggaran atas SOP yang berlaku ', '<ol>\r\n<li>Kurangnya pengawasan pada jaringan di Indonesia</li>\r\n<li>Tidak ada wadah penyampaian keluhan / kemungkinan pelanggaran</li>\r\n<li>Program whistle blowing masih belum berjalan </li>\r\n<li>Karyawan tidak taat aturan perusahaan</li>\r\n<li>Karyawan yang kurang disiplin</li>\r\n<li>Penyalahgunaan hasil laporan survey/ audit</li>\r\n<li>Penyalahgunaan dokumen penjualan </li>\r\n</ol>\r\n', 2.6, 3.3, 'L'),
(25, 'Y', 'Tidak bisa mengambil keputusan dengan cepat dan tepat', '<ol>\r\n<li>Data hilang atau dicuri</li>\r\n<li>Kualitas laporan keuangan yang tidak menggambarkan kondisi perusahaan</li>\r\n<li>Hasil laporan yang tidak selesai sesuai tenggat waktu </li>\r\n<li>Metode pencatatan yang tidak konsisten menyebabkan nilai inventori tidak mencerminkan nilai sebenarnya</li>\r\n<li>Penyimpanan aset yang bercampur (sparepart) menyebabkan nilai inventori tidak mencerminkan nilai sebenarnya.</li>\r\n<li>Isi laporan form HELP tidak jelas karena ditulis manual dan tidak akurat</li>\r\n<li>Jadwal dan kualitas pelaksanaan aktivitas dan laporan aktivitas jaringan audit dan survey yang tidak tepat</li>\r\n<li>Angka laporan operasional yang disajikan tidak akurat</li>\r\n</ol>\r\n', 2.8, 3.2, 'M'),
(26, 'Z', 'Kegiatan operasional yang terhambat/ terganggu akibat mismanagement ', '<ol>\r\n<li>Kesalahan pembelian barang akibat SDM yang kurang menguasai </li>\r\n<li>Ketidaktersediaan dana kas kecil</li>\r\n<li>Ketergantungan pemegang dana kas kecil</li>\r\n<li>Plafond dana kas kecil tidak mencukupi untuk pembayaran ke supplier</li>\r\n<li>Sulitnya mencari barang yang direkomendasikan oleh AHM sehingga sarana tidak lengkap </li>\r\n<li>Sulitnya berkoordinasi dengan fungsi lain dikarenakan adanya target KPI yang berbeda-beda </li>\r\n<li>SOP, bisnis proses, dan sistem aplikasi yang tidak efisien </li>\r\n<li>Manajemen event yang melibatkan banyak departemen yang kurang optimal   </li>\r\n<li>Tidak mendapat data yang sesuai </li>\r\n<li>Terdapat bisnis proses yang belum punya SOP</li>\r\n<li>Tertundanya pembayaran operasional sehari-hari yang dapat menyebabkan buruh “mogok” kerja</li>\r\n<li>Kebutuhan dan kepentingan mendadak yang tidak searah dari PT. AHM</li>\r\n<li>Komunikasi ke dealer harus dilakukan berulang-ulang</li>\r\n<li>Strategi mengikuti anggaran bukan sebaliknya</li>\r\n<li>Kurangnya manajemen waktu</li> \r\n</ol>\r\n', 2.9, 2.9, 'L'),
(27, 'AA', 'Kegiatan operasional yang terhambat/ terganggu akibat pihak eksternal ', '<ol>\r\n<li>Penawaran harga dari kontraktor selalu terlambat</li>\r\n<li>Pemadaman listrik yang sering terjadi</li>\r\n<li>Lama penyelesaian STNK dan BPKB di biro jasa</li>\r\n<li>Keterlambatan penyediaan plat nomor di SAMSAT</li>\r\n<li>Proses update harga dan motor di LKPP terlalu lama</li>\r\n<li>Kesalahan pengiriman part oleh vendor </li>\r\n<li>Komunikasi ke dealer harus dilakukan berulang-ulang</li>\r\n<li>Kesepakatan bisnis yang berubah secara sepihak</li>\r\n<li>Ketergantungan dengan supplier</li>\r\n<li>Ketergantungan data dari pihak eksternal</li>\r\n<li>Penawaran harga dari vendor selalu lama</li>\r\n<li>Prosedur pembayaran AR dari perusahaan yang prosedural dan ketat</li>\r\n</ol>', 2.6, 3.2, 'L'),
(28, 'AB', 'Kegiatan operasional yang terganggu akibat program/ sistem IT ', '<ol>\r\n<li>Terjadi down time</li>\r\n<li>Ketergantungan dengan SDM IT sangat tinggi</li>\r\n<li>Komputer terkena virus akibat antivirus tidak update</li>\r\n<li>Pemahaman user pada sistem yang kurang</li>\r\n<li>Program IT yang tidak mendukung</li>\r\n<li>Program IT yang sering eror </li>\r\n<li>Kualitas internet yang tidak baik</li>\r\n<li>Ada data yang hilang atau dicuri</li>\r\n<li>Komputer sering eror</li>\r\n<li>Penyelesaian modifikasi/ pembuatan aplikasi yang lama</li>\r\n<li>Kurangnya fasilitas yang mendukung program desain </li>\r\n<li>Teknologi yang ketinggalan jaman</li>\r\n<li>Proses/ program masih banyak yang manual </li>\r\n<li>Sistem pegolahan data secara elektronik yang tidak update</li>\r\n<li>Spesifikasi perangkat kerja yang belum terbaharui</li>\r\n<li>Validasi dan kesediaan data oleh sistem yang tidak stabil</li>\r\n<li>Kurangnya sosialisasi modul kepada user sehingga sistem tidak digunakan secara maksimal</li>\r\n</ol>\r\n', 2.7, 3.8, 'M'),
(29, 'AC', 'Kegiatan operasional yang terhambat/ terganggu karena masalah prosedur', '<ol>\r\n<li>Proses pembayaran yang terlambat</li>\r\n<li>Pembayaran konsumen harus melewati bagian Marketing (birokrasi terlalu panjang)</li>\r\n<li>Beberapa kegiatan dilakukan tidak sesuai prosedur</li>\r\n<li>Tidak tersosialisasinya SOP yang baik dari atas ke bawah</li>\r\n<li>Bisnis proses belum punya SOP</li>\r\n<li>Tidak ada standard program audit</li>\r\n<li>SOP yang tidak update karena tidak dievaluasi berkala</li>\r\n<li>Ada fungsi baru yang belum jelas job description, sehingga pembuatan SOP terlambat</li>\r\n<li>Jalur birokrasi terlalu panjang dan masih belum sempurna</li>\r\n<li>Prosedur pembayaran dari instansi yang birokratis</li>\r\n<li>Operasional tools belum sampai ke manajemen bawah</li>\r\n</ol>\r\n', 2, 3.2, 'L'),
(30, 'AD', 'Kegiatan operasional yang terhambat/ terganggu akibat kinerja karyawan ', '<ol>\r\n<li>Perputaran karyawan yang tinggi</li>\r\n<li>Kekurangan SDM (jangka waktu pelepasan karyawan sangat cepat)</li>\r\n<li>PIC data tidak menepati tenggat waktu yang telah ditetapkan di internal departemen</li>\r\n<li>Kualitas supir yang kurang baik</li>\r\n<li>Kesalahan pembelian barang akibat SDM yang kurang menguasai </li>\r\n<li>Human Error</li>\r\n<li>Ketidakharmonisan hubungan pimpinan dealer dengan personel Wahana </li>\r\n<li>Sulitnya berkordinasi dengan fungsi lain dikarenakan adanya target KPI yang berbedaWAHbeda </li>\r\n<li>SDM yang tidak kompeten menyebabkan sistem tidak berjalan dengan baik</li>\r\n<li>SDM tidak mengikuti prosedur pembayaran dengan menyetor uang pembayaran konsumen dalam 1 hari kerja</li>\r\n<li>Komunikasi yang tidak efektif </li>\r\n<li>Pengelolaan SDM yang belum maksimal </li>\r\n<li>Ketidaktepatan dalam penempatan karyawan </li>\r\n<li>Karyawan yang tidak mengetahui job descriptions –nya</li>\r\n<li>Main dealer tidak punya wewenang untuk mengatur hal-hal yang berkaitan SDM jaringan</li>\r\n<li>Surat jalan terlambat</li>\r\n</ol>\r\n', 2.4, 3.3, 'L'),
(31, 'AE', 'Kualitas karyawan yang rendah', '<ol>\r\n<li>Gagal bersaing di pasar tenaga kerja (benefit karyawan yang kurang menarik)</li>\r\n<li>Atasan yang kurang bisa melihat potensi karyawannya</li>\r\n<li>Kurang tersosialisasinya dana pensiun</li>\r\n<li>Belum ada program training untuk jenjang karir</li>\r\n<li>Jenjang karir masih tidak jelas </li>\r\n<li>Komunikasi antar karyawan yang tidak baik </li>\r\n<li>Perhitungan gaji yang sering salah</li>\r\n<li>Benefit yang diterima tidak sesuai KPI</li>\r\n<li>Kurangnya dukungan internal dan principle</li> \r\n<li>Tidak ada standard kompetensi untuk calon karyawan</li>\r\n<li>Kecakapan dan keahlian freelance interviewer yang beragam</li> \r\n<li>Perbedaan gaji tiap karyawan yang besar</li>\r\n<li>Ketergatungan sosok pemimpin </li>\r\n<li>Tidak ada wadah penyampaian keluhan / pelanggaran</li>\r\n<li>Karyawan tidak mengetahui kebijakan perusahaan, karena kebijakan banyak yang tidak tertulis</li>\r\n<li>Penilaian KPI yang subjektif</li>\r\n<li>Pemberlakuan peraturan yang sering subjektif </li>\r\n<li>Pengukuran Performance Appraisal kurang jelas</li>\r\n<li>Sulitnya mencari SDM sesuai kriteria perusahaan</li>\r\n<li>Correction action masih bersifat himbauan </li>\r\n</ol>', 2.6, 3.2, 'L'),
(32, 'AF', 'Potensi SDM tidak berkembang', '<ol>\r\n<li>Kurangnya training karena kurangnya anggaran</li>\r\n<li>Materi training yang tidak tepat</li>\r\n<li>Perputaran SDM yang tinggi</li>\r\n<li>Terbatasnya training tentang teknis yang bersumber dari eksternal</li>\r\n<li>Kualitas internet yang kurang baik membuat training online terganggu </li>\r\n<li>Keterbatasan anggaran training</li>\r\n<li>Matrix training development tidak dilakukan oleh TNA</li>\r\n</ol>\r\n', 2.5, 3, 'L'),
(33, 'AG', 'Hubungan yang tidak baik antar karyawan', '<ol>\r\n<li>Auditor terkesan mencari “temuan” dan “mencari kesalahan”.</li>\r\n<li>Tidak tahu tujuan utama auditor </li>\r\n<li>Auditor dibenci / tidak disukai </li>\r\n<li>Kerja sama yang kurang solid</li>\r\n<li>HRD hanya menjadi administrator bukan mediator</li> \r\n<li>Cinta lokasi</li>\r\n<li>Kurangnya kedekatan emosional auditor dengan auditee</li>\r\n<li>Komunikasi antar departemen yang kurang</li>\r\n<li>Adanya kompetisi antar sesama karyawan</li>\r\n<li>Adanya senioritas dalam budaya perusahaan</li>\r\n<li>Komunikasi dan koordinasi antar departemen yang kurang baik</li>\r\n</ol>', 1.9, 2.8, 'L'),
(34, 'AH', 'Kinerja karyawan yang rendah', '<ol>\r\n<li>Kualitas SDM yang tidak memadai</li>\r\n<li>Kurangnya potensi pengembangan</li>\r\n<li>Kurang etos kerja SDM</li>\r\n<li>Perbedaan kompetensi karyawan yang cukup besar</li>\r\n<li>Kurang kedisiplinan SDM</li>\r\n<li>Proses rekruitmen yang tidak standard dan jelas</li>\r\n</ol>\r\n', 2.4, 2.8, 'L'),
(35, 'AI', 'Etika karyawan yang rendah', '<ol>\r\n<li>Interpretasi yang kurang tepat terhadap peraturan dan kebijakan perusahaan </li>\r\n<li>Pemberian diskon yang melebihi wewenang</li>\r\n<li>Lingkungan budaya menyebabkan integritas karyawan rendah</li>\r\n<li>Pemakaian internet tidak pada fungsinya </li>\r\n<li>Karyawan yang tidak paham job descriptionsnya</li>  \r\n<li>Kurangnya rasa tanggung jawab dari individu yang belum baik </li>\r\n<li>Penggunaan aset perusahaan untuk kepentingan pribadi tanpa ijin atasan</li>\r\n</ol>', 2.4, 3.2, 'L'),
(36, 'AJ', 'Penurunan reputasi perusahaan di pasar ', '<ol>\r\n<li>Keterlambatan vendor dalam memenuhi kebutuhan konsumen</li>\r\n<li>Gagal mengendalikan limbah operasional</li>\r\n<li>Kurangnya kegiatan amal perusahaan</li>\r\n<li>Barang yang tidak sesuai dengan keinginan konsumen</li>\r\n<li>Komplain konsumen yang tidak tertangani dengan baik</li>\r\n<li>Black campaign dari kompetitor</li>\r\n<li>Ketidakpuasan penyelesaian keluhan konsumen</li>\r\n<li>Keterlambatan pengiriman unit dealer ke konsumen</li> \r\n<li>Keamanan penggunaan database konsumen oleh pihak ketiga (penyalahgunaan data konsumen)</li>\r\n</ol>\r\n', 2.4, 2.3, 'L'),
(37, 'AK', 'Terjadi tindakan kriminalitas/ pencurian uang', '<ol>\r\n<li>Penerimaan uang pembayaran kendaraan oleh orang yang tidak tepat </li>\r\n<li>Setoran uang tunai ke bank oleh kurir</li>\r\n<li>Adanya kolektor yang kabur membawa uang </li>\r\n<li>Penyalahgunaan kas dan kredit</li>\r\n<li>Penyalahgunaan penerimaan kas di sistem pengiriman</li>\r\n<li>Belum tersedianya program anti-fraud </li>\r\n<li>Gagal untuk mengadopsi praktik bisnis perdagangan yang adil</li>\r\n<li>Terjadi penipuan </li>\r\n<li>Setoran yang hilang </li>\r\n<li>Kemungkinan terjadi kecurangan di cabang </li>\r\n</ol>\r\n', 2.9, 2.8, 'L'),
(38, 'AL', 'Tidak mendapatkan konsumen baru ', '<ol>\r\n<li>Target konsumen yang tidak tepat sasaran. </li>\r\n<li>Aktivitas pemasaran yang kurang dikontrol sehingga salah target </li>\r\n<li>Sulit mempertahankan konsumen yang sudah ada</li>\r\n<li>Salah strategi dalam hal persaingan dengan kompetitor </li>\r\n</ol>\r\n', 2.7, 2.8, 'L'),
(39, 'AM', 'Penjualan tidak stabil ', '<ol>\r\n<li>Ketergantungan leasing yang tinggi </li>\r\n<li>Persediaan yang tidak sesuai rencana karena tekanan AHM </li>\r\n<li>Keadaan pasar yang tidak menentu</li>\r\n</ol>\r\n', 3.4, 3.4, 'M'),
(40, 'AN', 'Penjualan yang menurun ', '<ol>\r\n<li>Peraturan pemerintah mempengaruhi penjualan</li>\r\n<li>Terjadinya bencana alam</li>\r\n<li>Status dealership dihapus </li>\r\n<li>Perang harga dengan kompetitor lain /persaingan bisnis</li>\r\n<li>MRT/ monorail merusak pangsa pasar penjualan </li>\r\n<li>Perubahan keinginan konsumen (bike to work)</li>\r\n<li>Penggunaan pertamax</li>\r\n</ol>\r\n', 3.3, 2.9, 'M'),
(41, 'AO', 'Target perusahaan tidak tercapai', '<ol>\r\n<li>Sulitnya mencari SDM khususnya salesman </li> \r\n<li>Kurangnya kemampuan SDM dalam mengelola pekerjaan </li>\r\n<li>Manajemen kinerja yang lemah</li>\r\n<li>Target waktu tidak tercapai</li>\r\n<li>Karyawan kurang paham akan visi dan misi perusahaan</li>\r\n<li>Komunikasi strategi perusahaan yang tidak merata</li>\r\n</ol>\r\n', 3.2, 3.1, 'M'),
(42, 'AP', 'Tidak ada target perusahaan yang jelas', '<ol>\r\n<li>Belum adanya strategi induk di level corporate sebagai payung</li>\r\n<li>Tidak ada rencana program jangka panjang  (UD ≤ 5 thn)</li>\r\n</ol>\r\n', 2.9, 2.4, 'L'),
(43, 'AQ', 'Terhambatnya pekerjaan auditor ', '<ol>\r\n<li>Auditor memilih waktu yang kurang pas dalam pelaksanaan audit </li>\r\n<li>Data yang diberikan tidak lengkap karena auditee kurang transparan </li>\r\n<li>Belum menggunakan program audit terbaru</li>  \r\n<li>Auditee lama memberikan feedback sehingga susah untuk follow up</li>\r\n<li>Tidak rapinya penyusunan dokumen setelah diaudit</li>\r\n<li>Kesulitan mendapatkan data dari auditee</li>\r\n<li>Komunikasi terbatas dengan alasan kesibukan </li>\r\n<li>Auditor kurang memahami risiko dalam bisnis proses</li>\r\n</ol>\r\n', 1.9, 2.8, 'L'),
(44, 'AR', 'SOP tidak dapat dijalankan ', '<ol>\r\n<li>SOP dibuat bukan oleh orang lapangan</li>\r\n<li>Tidak ada hubungan yang baik antara pembuat SOP dengan user </li>\r\n<li>Kebiasaan yang sulit berubah akibat adanya SOP yang baru. </li>\r\n</ol>\r\n', 2, 2.7, 'L'),
(45, 'AS', 'Laporan audit internal tidak bisa diandalkan ', '<ol>\r\n<li>Auditor internal tidak independent </li>\r\n<li>Auditor internal tidak mendapatkan dukungan dari top management </li> \r\n<li>Perusahaan tidak mempunyai program audit yang standar</li>\r\n</ol>\r\n', 2, 2.3, 'L'),
(46, 'AT', 'Karyawan tidak mematuhi peraturan perusahaan ', '<ol>\r\n<li>Kurangnya pengawasan pada jaringan  di Indonesia</li>\r\n<li>Tidak ada wadah penyampaian keluhan / kemungkinan pelanggaran</li>\r\n<li>Program whistle blowing masih belum berjalan </li>\r\n<li>Karyawan yang kurang disiplin</li>\r\n<li>Penyalahgunaan hasil laporan survey/ audit</li>\r\n<li>Penyalahgunaan dokumen penjualan</li>\r\n<ol>\r\n', 2, 3, 'L'),
(47, 'AU', 'Pembuatan sistem yang tidak sesuai kebutuhan ', '<ol>\r\n<li>Bagian IT tidak bisa mengikuti keinginan user </li>\r\n<li>Terjadi miskomunikasi saat penambahan data</li>\r\n<li>Komunikasi dengan bagian IT yang kaku dan tidak lancar</li>\r\n<li>Hasil output dari program tidak valid </li>\r\n<li>User interface yang tidak ramah sehingga komunikasi tidak baik</li>\r\n<li>Kesalahan desain sistem IT</li>\r\n<li>Kualitas data terganggu karena program tidak stabil</li>\r\n</ol>\r\n', 2.7, 3.1, 'L'),
(48, 'AV', 'Kenaikan biaya advertising yang unpredictable', 'Kenaikan pajak billboard sesuai dengan peraturan pemerintah', 2.8, 2.5, 'L');

--
-- Dumping data for table `risk_client`
--

INSERT INTO `risk_client` (`risk_client_id`, `risk_id`, `client_id`) VALUES
(1, 1, 1),
(2, 1, 2),
(3, 1, 3),
(4, 1, 4),
(5, 1, 5),
(6, 1, 6),
(7, 2, 1),
(8, 2, 2),
(9, 2, 3),
(10, 2, 4),
(11, 2, 5),
(12, 2, 6),
(13, 3, 1),
(14, 3, 2),
(15, 3, 3),
(16, 3, 4),
(17, 3, 5),
(18, 3, 6),
(19, 4, 1),
(20, 4, 2),
(21, 4, 3),
(22, 4, 4),
(23, 4, 5),
(24, 4, 6),
(25, 5, 1),
(26, 5, 2),
(27, 5, 3),
(28, 5, 4),
(29, 5, 5),
(30, 5, 6),
(31, 6, 1),
(32, 6, 2),
(33, 6, 3),
(34, 6, 4),
(35, 6, 5),
(36, 6, 6),
(37, 7, 1),
(38, 7, 2),
(39, 7, 3),
(40, 7, 4),
(41, 7, 5),
(42, 7, 6),
(43, 8, 1),
(44, 8, 2),
(45, 8, 3),
(46, 8, 4),
(47, 8, 5),
(48, 8, 6),
(49, 9, 1),
(50, 9, 2),
(51, 9, 3),
(52, 9, 4),
(53, 9, 5),
(54, 9, 6),
(55, 10, 1),
(56, 10, 2),
(57, 10, 3),
(58, 10, 4),
(59, 10, 5),
(60, 10, 6),
(64, 11, 1),
(65, 11, 2),
(66, 11, 3),
(67, 11, 4),
(68, 11, 5),
(69, 11, 6),
(70, 12, 1),
(71, 12, 2),
(72, 12, 3),
(73, 12, 4),
(74, 12, 5),
(75, 12, 6),
(76, 13, 1),
(77, 13, 2),
(78, 13, 3),
(79, 13, 4),
(80, 13, 5),
(81, 13, 6),
(82, 14, 1),
(83, 14, 2),
(84, 14, 3),
(85, 14, 4),
(86, 14, 5),
(87, 14, 6),
(88, 15, 1),
(89, 15, 2),
(90, 15, 3),
(91, 15, 4),
(92, 15, 5),
(93, 15, 6),
(94, 16, 1),
(95, 16, 2),
(96, 16, 3),
(97, 16, 4),
(98, 16, 5),
(99, 16, 6),
(100, 17, 1),
(101, 17, 2),
(102, 17, 3),
(103, 17, 4),
(104, 17, 5),
(105, 17, 6),
(106, 18, 1),
(107, 18, 2),
(108, 18, 3),
(109, 18, 4),
(110, 18, 5),
(111, 18, 6),
(112, 19, 1),
(113, 19, 2),
(114, 19, 3),
(115, 19, 4),
(116, 19, 5),
(117, 19, 6),
(118, 20, 1),
(119, 20, 2),
(120, 20, 3),
(121, 20, 4),
(122, 20, 5),
(123, 20, 6),
(124, 21, 1),
(125, 21, 2),
(126, 21, 3),
(127, 21, 4),
(128, 21, 5),
(129, 21, 6),
(130, 22, 1),
(131, 22, 2),
(132, 22, 3),
(133, 22, 4),
(134, 22, 5),
(135, 22, 6),
(136, 23, 1),
(137, 23, 2),
(138, 23, 3),
(140, 23, 4),
(141, 23, 5),
(142, 23, 6),
(143, 24, 1),
(144, 24, 2),
(145, 24, 3),
(146, 24, 4),
(147, 24, 5),
(148, 24, 6),
(149, 25, 1),
(150, 25, 2),
(151, 25, 3),
(152, 25, 4),
(153, 25, 5),
(154, 25, 6),
(155, 26, 1),
(156, 26, 2),
(157, 26, 3),
(158, 26, 4),
(159, 26, 5),
(160, 26, 6),
(161, 27, 1),
(162, 27, 2),
(163, 27, 3),
(164, 27, 4),
(165, 27, 5),
(166, 27, 6),
(167, 28, 1),
(168, 28, 2),
(169, 28, 3),
(170, 28, 4),
(171, 28, 5),
(172, 28, 6),
(173, 29, 1),
(174, 29, 2),
(175, 29, 3),
(176, 29, 4),
(177, 29, 5),
(178, 29, 6),
(179, 30, 1),
(180, 30, 2),
(181, 30, 3),
(182, 30, 4),
(183, 30, 5),
(184, 30, 6),
(185, 31, 1),
(186, 31, 2),
(187, 31, 3),
(188, 31, 4),
(189, 31, 5),
(190, 31, 6),
(191, 32, 1),
(192, 32, 2),
(193, 32, 3),
(194, 32, 4),
(195, 32, 5),
(196, 32, 6),
(197, 33, 1),
(199, 33, 2),
(200, 33, 3),
(201, 33, 4),
(202, 33, 5),
(203, 33, 6),
(204, 34, 1),
(205, 34, 2),
(206, 34, 3),
(207, 34, 4),
(208, 34, 5),
(209, 34, 6),
(210, 35, 1),
(211, 35, 2),
(212, 35, 3),
(213, 35, 4),
(214, 35, 5),
(215, 35, 6),
(216, 36, 1),
(217, 36, 2),
(218, 36, 3),
(219, 36, 4),
(220, 36, 5),
(221, 36, 6),
(222, 37, 1),
(223, 37, 2),
(224, 37, 3),
(225, 37, 4),
(226, 37, 5),
(227, 37, 6),
(228, 38, 1),
(229, 38, 2),
(230, 38, 3),
(231, 38, 4),
(232, 38, 5),
(233, 38, 6),
(234, 39, 1),
(235, 39, 2),
(236, 39, 3),
(237, 39, 4),
(238, 39, 5),
(239, 39, 6),
(240, 40, 1),
(241, 40, 2),
(242, 40, 3),
(243, 40, 4),
(244, 40, 5),
(245, 40, 6),
(246, 41, 1),
(247, 41, 2),
(248, 41, 3),
(249, 41, 4),
(250, 41, 5),
(251, 41, 6),
(252, 42, 1),
(253, 42, 2),
(254, 42, 3),
(255, 42, 4),
(256, 42, 5),
(257, 42, 6),
(258, 43, 1),
(259, 43, 2),
(260, 43, 3),
(261, 43, 4),
(262, 43, 5),
(263, 43, 6),
(264, 44, 1),
(265, 44, 2),
(266, 44, 3),
(267, 44, 4),
(268, 44, 5),
(269, 44, 6),
(270, 45, 1),
(271, 45, 2),
(272, 45, 3),
(273, 45, 4),
(274, 45, 5),
(275, 45, 6),
(276, 46, 1),
(277, 46, 2),
(278, 46, 3),
(279, 46, 4),
(280, 46, 5),
(281, 46, 6),
(282, 47, 1),
(283, 47, 2),
(284, 47, 3),
(285, 47, 4),
(286, 47, 5),
(287, 47, 6),
(288, 48, 1),
(289, 48, 2),
(290, 48, 3),
(291, 48, 4);

--
-- Dumping data for table `user`
--

INSERT INTO `user` (`user_id`, `user_name`, `user_password`, `user_group`) VALUES
(1, 'admin', 'admin', '1'),
(2, 'user', 'user', '2');

/*!40101 SET CHARACTER_SET_CLIENT=@OLD_CHARACTER_SET_CLIENT */;
/*!40101 SET CHARACTER_SET_RESULTS=@OLD_CHARACTER_SET_RESULTS */;
/*!40101 SET COLLATION_CONNECTION=@OLD_COLLATION_CONNECTION */;
